Panha,Deposit,1000(usd),2024-7-12
Rom,Deposit,1000(usd),2024-7-12
Rom,Withdraw,10(usd),2024-7-12
Rom,Transfer to Panha,100(riel),2024-7-12
Rom,Exchange to RIEL,100(riel),2024-7-12
Riya,Deposit,100(usd),2024-7-12
Riya,Withdraw,10(usd),2024-7-12
Riya,Deposit,10000(riel),2024-7-12
Riya,Transfer to Rith,10(riel),2024-7-12
Rom,Deposit,100(usd),2024-7-12
nha,Deposit,1000(usd),2024-7-16
nha,Withdraw,100(usd),2024-7-16
nha,Exchange to RIEL,100(riel),2024-7-16
nha,Transfer to Riya,10(riel),2024-7-16
nha,Deposit,1000(riel),2024-7-16
nha,Withdraw,90(usd),2024-7-16
nha,Withdraw,1000(riel),2024-7-16
nha,Exchange to RIEL,10(riel),2024-7-16
nha,Exchange to RIEL,10(riel),2024-7-16
nha,Exchange to USD,4000(usd),2024-7-16
nha,Deposit,100(usd),2024-7-16
Panha,Deposit,100(usd),2024-7-16
Panha,Deposit,1000(riel),2024-7-16
Panha,Exchange to RIEL,1000(riel),2024-7-16
Panha,Exchange to USD,1000(usd),2024-7-16
Panha,Transfer to Panha,100(riel),2024-7-16
Nha,Deposit,1000(usd),2024-7-19
Nha,Deposit,1000(usd),2024-7-19
Nha,Exchange to RIEL,10(riel),2024-7-19
Nha,Exchange to USD,10000(usd),2024-7-19
Nha,Deposit,1000(usd),2024-7-19
Nha,Deposit,41000(riel),2024-7-19
Nha,Withdraw,10(usd),2024-7-19
Nha,Exchange to RIEL,10(riel),2024-7-19
Nha,Transfer to Panha,10(riel),2024-7-19
Panha,Exchange to RIEL,10(riel),2024-7-19
